iso3,gid_id,pop_est,income_group,continent,area_km2,total_pop,, total_vul_pop ,,
AGO,AGO.1.1_1,15.58337142,LMC,Africa,1.797639835,17537.71045,," 5,496.83 ",,
AGO,AGO.1.4_1,7.027308688,LMC,Africa,1.00385137,87943.27161,,,,
AGO,AGO.2.9_1,75.2707465,LMC,Africa,0.563288424,481656.1063,,,,
AGO,AGO.4.4_1,186.4879859,LMC,Africa,1.776606899,83385.48303,,,,
AGO,AGO.7.7_1,0.001493223,LMC,Africa,8.70E-05,128983.07,,,,
AGO,AGO.11.7_1,1068.933011,LMC,Africa,0.130671128,1776422.129,,,,
AGO,AGO.16.3_1,21.7920718,LMC,Africa,0.840974533,380624.6709,,,,
AGO,AGO.16.4_1,0.92846367,LMC,Africa,0.521444314,73940.10739,,,,
AGO,AGO.18.5_1,4120.807045,LMC,Africa,84.42924854,274444.1946,,,,
ALB,ALB.3.1_1,66359.31478,UMC,Europe,90.05633875,222576.5442,," 109,698.73 ",,
ALB,ALB.3.2_1,13.66296397,UMC,Europe,0.469971902,64853.58368,,,,
ALB,ALB.5.1_1,2022.388843,UMC,Europe,124.6703629,147330.6059,,,,
ALB,ALB.5.2_1,2568.051917,UMC,Europe,119.6126616,104568.9358,,,,
ALB,ALB.9.1_1,2133.503626,UMC,Europe,51.28180281,47476.05351,,,,
ALB,ALB.9.2_1,6630.583807,UMC,Europe,81.65064158,69733.05296,,,,
ALB,ALB.10.3_1,1929.656156,UMC,Europe,48.30807195,155568.9339,,,,
ALB,ALB.11.1_1,2481.523302,UMC,Europe,45.65061585,54933.79034,,,,
ALB,ALB.12.2_1,577.9693173,UMC,Europe,9.747623379,42776.92313,,,,
ALB,ALB.12.3_1,24982.07127,UMC,Europe,139.9645702,112781.2084,,,,
ARG,ARG.1.7_1,52.3419918,UMC,South America,0.452197501,519616.5399,," 36,912.86 ",,
ARG,ARG.1.10_1,9105.068282,UMC,South America,51.23722771,315610.0711,,,,
ARG,ARG.1.14_1,279.8672406,UMC,South America,2.409733792,472022.3249,,,,
ARG,ARG.1.15_1,2.371956837,UMC,South America,0.394010871,127192.0318,,,,
ARG,ARG.1.25_1,13.21472757,UMC,South America,58.66450196,8839.392419,,,,
ARG,ARG.1.27_1,1.210290082,UMC,South America,1.03077041,47188.00473,,,,
ARG,ARG.1.30_1,486.2989384,UMC,South America,20.44464068,62676.62791,,,,
ARG,ARG.1.31_1,13.95663899,UMC,South America,21.03170324,15272.33721,,,,
ARG,ARG.1.49_1,179.0177531,UMC,South America,212.4860443,5097.623806,,,,
ARG,ARG.1.52_1,336.0796945,UMC,South America,0.71875537,679043.0263,,,,
ARG,ARG.1.61_1,857.4068243,UMC,South America,27.18025096,60385.75127,,,,
ARG,ARG.1.73_1,80.06940032,UMC,South America,44.27115387,34702.30569,,,,
ARG,ARG.1.75_1,1708.136484,UMC,South America,101.9223232,28251.51351,,,,
ARG,ARG.1.87_1,66.97413633,UMC,South America,195.1618774,38780.18811,,,,
ARG,ARG.1.95_1,2133.575173,UMC,South America,1.659505118,815959.3858,,,,
ARG,ARG.1.108_1,481.7325332,UMC,South America,37.27783886,17329.02302,,,,
ARG,ARG.1.117_1,3008.060968,UMC,South America,17.98646068,612097.7417,,,,
ARG,ARG.1.118_1,14.83034642,UMC,South America,132.5529106,1866.467607,,,,
ARG,ARG.1.121_1,9.633088165,UMC,South America,14.14452848,57160.24456,,,,
ARG,ARG.1.126_1,0.066569969,UMC,South America,0.068407488,39168.80087,,,,
ARG,ARG.1.127_1,811.4165451,UMC,South America,372.9377279,37064.01306,,,,
ARG,ARG.4.1_1,6.187452762,UMC,South America,28.87842081,119960.0801,,,,
ARG,ARG.4.3_1,0.301815315,UMC,South America,0.060874827,243149.717,,,,
ARG,ARG.4.4_1,0.037432237,UMC,South America,5.470742141,1808.250309,,,,
ARG,ARG.4.11_1,1.908454108,UMC,South America,4.725271829,150642.2624,,,,
ARG,ARG.8.10_1,1.082018839,UMC,South America,1.355850239,17332.70122,,,,
ARG,ARG.16.1_1,93.62448058,UMC,South America,49.39409445,68365.66633,,,,
ARG,ARG.16.11_1,1144.554771,UMC,South America,131.8861112,35375.08343,,,,
ARG,ARG.20.1_1,775.979736,UMC,South America,122.2564158,16115.98144,,,,
ARG,ARG.20.2_1,58.65218449,UMC,South America,47.65688287,163704.4695,,,,
ARG,ARG.20.3_1,3396.512521,UMC,South America,154.3063601,137961.016,,,,
ARG,ARG.20.6_1,3.158505961,UMC,South America,12.56979649,13645.02418,,,,
ARG,ARG.23.1_1,11784.11524,UMC,South America,444.7018874,85066.94943,,,,
ARG,ARG.23.2_1,5.417053833,UMC,South America,43.15080599,67666.95109,,,,
BEN,BEN.3_1,4138.312526,LMC,Africa,7.108568849,2077747.209,," 15,737.50 ",,
BEN,BEN.8_1,126.2353352,LMC,Africa,0.022440047,739934.7065,,,,
BEN,BEN.9_1,11472.95686,LMC,Africa,35.90153326,604002.4676,,,,
BGD,BGD.1.1_1,797421.8006,LMC,Asia,1474.043093,943843.2266,," 29,765,948.43 ",,
BGD,BGD.1.2_1,1869236.319,LMC,Asia,2334.61943,2278734.909,,,,
BGD,BGD.1.3_1,1574923.415,LMC,Asia,1827.699494,1788499.316,,,,
BGD,BGD.1.4_1,611626.8199,LMC,Asia,828.0585624,741143.8629,,,,
BGD,BGD.1.5_1,1377013.049,LMC,Asia,2547.469483,1592727.595,,,,
BGD,BGD.1.6_1,1016043.4,LMC,Asia,1423.560054,1204884.079,,,,
BGD,BGD.2.1_1,161.2836949,LMC,Asia,0.160844294,619314.3107,,,,
BGD,BGD.2.3_1,943707.2161,LMC,Asia,724.8979503,2620363.699,,,,
BGD,BGD.2.4_1,3335993.549,LMC,Asia,1827.285578,8665786.677,,,,
BGD,BGD.2.5_1,938711.8238,LMC,Asia,702.7829846,6286756.094,,,,
BGD,BGD.2.6_1,1153210.447,LMC,Asia,930.5819886,2725789.344,,,,
BGD,BGD.2.7_1,69754.46951,LMC,Asia,89.47071704,1713928.216,,,,
BGD,BGD.2.9_1,594963.5246,LMC,Asia,543.5196508,2145023.85,,,,
BGD,BGD.2.10_1,685500.8086,LMC,Asia,1166.691488,3651872.26,,,,
BGD,BGD.3.2_1,770668.8057,LMC,Asia,1069.646298,2183784.788,,,,
BGD,BGD.3.4_1,927922.8196,LMC,Asia,1560.412275,1254258.196,,,,
BGD,BGD.3.7_1,1105680.489,LMC,Asia,1309.378701,1315984.241,,,,
BGD,BGD.3.9_1,1374339.899,LMC,Asia,990.192543,1693388.554,,,,
BGD,BGD.3.11_1,3271187.647,LMC,Asia,737.7814895,4133577.917,,,,
BGD,BGD.3.15_1,900542.1796,LMC,Asia,1122.05816,1260744.168,,,,
BGD,BGD.4.1_1,1311193.484,LMC,Asia,4181.342406,1498641.654,,,,
BGD,BGD.4.3_1,675438.1186,LMC,Asia,821.5388311,3218352.93,,,,
BGD,BGD.4.5_1,2106252.121,LMC,Asia,4016.209562,2389850.219,,,,
BGD,BGD.4.9_1,620163.3109,LMC,Asia,1035.237764,853739.0927,,,,
BGD,BGD.4.10_1,1734291.63,LMC,Asia,3607.613507,2117960.13,,,,
BRA,BRA.2_1,7303.970967,UMC,South America,96.93378177,3494345.02,," 438,187.64 ",,
BRA,BRA.3_1,21743.63372,UMC,South America,5242.195756,948125.113,,,,
BRA,BRA.5_1,12917.18265,UMC,South America,336.482143,15078180.98,,,,
BRA,BRA.6_1,8010.499965,UMC,South America,89.5057216,9582977.463,,,,
BRA,BRA.8_1,82629.06785,UMC,South America,119.6131738,3913147.652,,,,
BRA,BRA.10_1,47110.2999,UMC,South America,1687.007065,7819993.558,,,,
BRA,BRA.14_1,160276.8733,UMC,South America,5856.216907,9732442.46,,,,
BRA,BRA.15_1,3128.180136,UMC,South America,14.91597768,4143829.024,,,,
BRA,BRA.16_1,1417.156572,UMC,South America,170.2416661,11543869.48,,,,
BRA,BRA.17_1,915.1374217,UMC,South America,25.13208826,9918212.443,,,,
BRA,BRA.18_1,4539.007032,UMC,South America,110.0358047,3484362.228,,,,
BRA,BRA.19_1,1979.004836,UMC,South America,25.21545982,17635257.57,,,,
BRA,BRA.20_1,23761.02331,UMC,South America,487.4510711,3665029.5,,,,
BRA,BRA.21_1,966.5410806,UMC,South America,68.55749741,11301949.86,,,,
BRA,BRA.24_1,11914.06922,UMC,South America,334.9279581,6947075.2,,,,
BRA,BRA.25_1,31545.32294,UMC,South America,42.20736289,45146572.85,,,,
BRA,BRA.26_1,18030.66952,UMC,South America,198.1443799,2432595.44,,,,
CHN,CHN.4.1_1,260979.9813,UMC,Asia,305.0550688,7374271.29,," 81,377,918.88 ",,
CHN,CHN.4.4_1,41345.04673,UMC,Asia,55.81642246,2619572.342,,,,
CHN,CHN.4.5_1,471623.3429,UMC,Asia,274.8559204,2751114.236,,,,
CHN,CHN.4.6_1,458776.5862,UMC,Asia,209.2018781,8996236.197,,,,
CHN,CHN.4.8_1,235452.8862,UMC,Asia,97.29711144,6039634.386,,,,
CHN,CHN.4.9_1,373721.374,UMC,Asia,295.3865044,4787926.247,,,,
CHN,CHN.6.1_1,912728.9644,UMC,Asia,422.8747889,2979639.776,,,,
CHN,CHN.6.2_1,2048752.911,UMC,Asia,744.3096557,9709266.292,,,,
CHN,CHN.6.3_1,5078725.736,UMC,Asia,1898.237138,10010039.96,,,,
CHN,CHN.6.4_1,2539872.826,UMC,Asia,1322.246816,16717744.22,,,,
CHN,CHN.6.6_1,151894.3733,UMC,Asia,85.92566355,6593467.169,,,,
CHN,CHN.6.7_1,1507934.44,UMC,Asia,1838.917597,5033659.857,,,,
CHN,CHN.6.8_1,1701682.971,UMC,Asia,654.9763944,6768658.78,,,,
CHN,CHN.6.9_1,332814.6919,UMC,Asia,300.1444602,6533544.146,,,,
CHN,CHN.6.12_1,2762205.184,UMC,Asia,998.0572541,6318669.709,,,,
CHN,CHN.6.13_1,565458.7725,UMC,Asia,648.9339408,3516441.333,,,,
CHN,CHN.6.15_1,1571884.994,UMC,Asia,127.2286841,15319796.3,,,,
CHN,CHN.6.16_1,539334.2918,UMC,Asia,705.007303,2693533.299,,,,
CHN,CHN.6.18_1,1848465.474,UMC,Asia,2199.874035,7905649.893,,,,
CHN,CHN.6.19_1,177120.3985,UMC,Asia,269.9909061,4600363.015,,,,
CHN,CHN.6.20_1,2088784.596,UMC,Asia,1347.213358,3851042.177,,,,
CHN,CHN.6.21_1,641838.3259,UMC,Asia,792.8312891,1918796.647,,,,
CHN,CHN.7.2_1,220769.8015,UMC,Asia,538.7137298,1658317.639,,,,
CHN,CHN.7.4_1,90665.17375,UMC,Asia,219.8406764,1013618.368,,,,
CHN,CHN.7.12_1,145750.145,UMC,Asia,284.1316076,3308632.236,,,,
CHN,CHN.9.1_1,562467.8309,UMC,Asia,271.812164,2778950.578,,,,
CHN,CHN.9.2_1,194758.7765,UMC,Asia,489.9670458,6329130.816,,,,
CHN,CHN.9.3_1,10996.09819,UMC,Asia,13.96046016,922065.6659,,,,
CHN,CHN.10.2_1,128895.4446,UMC,Asia,874.5687737,7837650.01,,,,
CHN,CHN.10.7_1,582574.8196,UMC,Asia,419.3642151,3283810.34,,,,
CHN,CHN.10.9_1,349712.3627,UMC,Asia,2428.969493,8244896.551,,,,
CHN,CHN.15.1_1,96373.56051,UMC,Asia,102.6502792,5757762.661,,,,
CHN,CHN.15.2_1,63069.37205,UMC,Asia,184.4441894,4670818.631,,,,
CHN,CHN.15.3_1,1420053.46,UMC,Asia,3823.911267,4290452.108,,,,
CHN,CHN.15.4_1,562913.2107,UMC,Asia,672.7655864,10564642.53,,,,
CHN,CHN.15.5_1,2651877.921,UMC,Asia,3857.985217,7074518.773,,,,
CHN,CHN.15.6_1,4659.095412,UMC,Asia,32.39875765,4477458.696,,,,
CHN,CHN.15.7_1,9229428.349,UMC,Asia,6933.300161,12980496.66,,,,
CHN,CHN.15.8_1,493989.4331,UMC,Asia,738.3007658,4556731.68,,,,
CHN,CHN.15.9_1,1197760.014,UMC,Asia,589.950952,8208016.709,,,,
CHN,CHN.15.11_1,2817288.128,UMC,Asia,9882.088695,6730903.52,,,,
CHN,CHN.15.12_1,359379.4156,UMC,Asia,645.9419883,4407522.369,,,,
CHN,CHN.15.13_1,664831.1273,UMC,Asia,867.795315,3498951.754,,,,
CHN,CHN.18.1_1,8131.484868,UMC,Asia,71.1307188,3788216.684,,,,
CHN,CHN.18.4_1,131566.913,UMC,Asia,369.6938378,7351288.224,,,,
CHN,CHN.18.5_1,153213.1474,UMC,Asia,490.6056375,2520232.994,,,,
CHN,CHN.18.8_1,58936.34678,UMC,Asia,220.7991534,2672788.478,,,,
CHN,CHN.18.9_1,27895.88787,UMC,Asia,480.5753399,3266605.614,,,,
CHN,CHN.18.11_1,177761.8027,UMC,Asia,1676.208522,1615690.545,,,,
CHN,CHN.18.13_1,314901.6281,UMC,Asia,776.3245142,5201278.408,,,,
CHN,CHN.23.1_1,12147.90533,UMC,Asia,1170.996807,3592624.194,,,,
CHN,CHN.23.3_1,75292.4483,UMC,Asia,2918.511404,2347027.309,,,,
CHN,CHN.23.10_1,696005.5256,UMC,Asia,875.2550954,10101966.38,,,,
CHN,CHN.23.11_1,151700.5374,UMC,Asia,188.7028912,2970622.669,,,,
CHN,CHN.23.13_1,197382.9011,UMC,Asia,1617.814673,9805983.359,,,,
CHN,CHN.23.14_1,58631.04612,UMC,Asia,261.6405801,2988094.504,,,,
CHN,CHN.23.15_1,289405.8213,UMC,Asia,591.2965177,7159418.186,,,,
CHN,CHN.24.1_1,14351808.96,UMC,Asia,6243.646352,32118868.96,,,,
CHN,CHN.27.1_1,3114406.948,UMC,Asia,3152.040916,17061843.87,,,,
CHN,CHN.31.1_1,1082251.216,UMC,Asia,1149.964333,11212685.29,,,,
CHN,CHN.31.2_1,1495622.925,UMC,Asia,2282.64416,3249504.133,,,,
CHN,CHN.31.3_1,1704772.634,UMC,Asia,1772.138596,5812236.208,,,,
CHN,CHN.31.6_1,4366925.736,UMC,Asia,2584.329539,9567144.826,,,,
CHN,CHN.31.8_1,1058315.257,UMC,Asia,766.9347734,5660701.999,,,,
CHN,CHN.31.9_1,1662339.834,UMC,Asia,1237.676503,6183491.265,,,,
CHN,CHN.31.10_1,2028890.277,UMC,Asia,930.4864102,10808674.24,,,,
CIV,CIV.2_1,2303.145753,LMC,Africa,31.30844732,2691363.94,," 2,530.39 ",,
CIV,CIV.3_1,192.5686705,LMC,Africa,0.514946251,1407541.811,,,,
CIV,CIV.7_1,34.67440821,LMC,Africa,0.727241931,1635057.335,,,,
CMR,CMR.5_1,118541.1484,LMC,Africa,131.2018116,4497505.815,," 189,840.00 ",,
CMR,CMR.10_1,169.1586101,LMC,Africa,5.932374038,993401.4195,,,,
CMR,CMR.9_1,71129.69099,LMC,Africa,821.3973978,2043823.435,,,,
COD,COD.11_1,2270.915002,LIC,Africa,46.6435822,3049012.646,," 2,270.92 ",,
COG,COG.5_1,116.9304444,LMC,Africa,4.725970023,427232.0273,, 116.93 ,,
COL,COL.2_1,736.5789395,UMC,South America,16.69544511,7939463.57,," 196,893.76 ",,
COL,COL.4_1,8666.77708,UMC,South America,182.7241576,3287882.861,,,,
COL,COL.5_1,20720.3042,UMC,South America,37.46754777,3148365.015,,,,
COL,COL.10_1,6801.605731,UMC,South America,279.470673,1891511.61,,,,
COL,COL.12_1,1406.092766,UMC,South America,119.8678399,641125.9437,,,,
COL,COL.13_1,185.0781076,UMC,South America,5.063618855,2536866.279,,,,
COL,COL.18_1,33576.29178,UMC,South America,268.9572354,1507689.37,,,,
COL,COL.19_1,239.9848832,UMC,South America,9.563472479,1644825.112,,,,
COL,COL.21_1,79862.69973,UMC,South America,2065.4581,2181617.01,,,,
COL,COL.28_1,34.42662825,UMC,South America,0.492283594,1071136.452,,,,
COL,COL.30_1,44663.92292,UMC,South America,178.3179656,5572910.665,,,,
CRI,CRI.3_1,295.6124263,UMC,North America,26.26024928,394425.5521,," 2,116.59 ",,
CRI,CRI.5_1,115.5996442,UMC,North America,7.456547275,435452.6437,,,,
CRI,CRI.6_1,1705.376532,UMC,North America,76.05665106,465773.682,,,,
CUB,CUB.1_1,7876.110004,UMC,North America,1055.772826,762687.4145,," 24,708.86 ",,
CUB,CUB.2_1,4079.529036,UMC,North America,475.6492821,439692.0853,,,,
CUB,CUB.5_1,1070.342552,UMC,North America,41.27049902,843721.6952,,,,
CUB,CUB.7_1,125.0583077,UMC,North America,8.007386474,1046073.309,,,,
CUB,CUB.8_1,636.4401517,UMC,North America,52.24724086,81551.2663,,,,
CUB,CUB.9_1,3579.998747,UMC,North America,127.3295664,403285.3175,,,,
CUB,CUB.10_1,298.4243544,UMC,North America,19.49127927,538881.2012,,,,
CUB,CUB.11_1,323.7456976,UMC,North America,145.5163013,689913.5621,,,,
CUB,CUB.12_1,1152.815665,UMC,North America,84.72364596,399797.2239,,,,
CUB,CUB.13_1,1528.982445,UMC,North America,168.2782358,715116.7248,,,,
CUB,CUB.14_1,1872.0052,UMC,North America,58.10051493,473558.3179,,,,
CUB,CUB.15_1,71.24214983,UMC,North America,1.870172541,1050492.931,,,,
CUB,CUB.16_1,2094.169913,UMC,North America,180.7847381,776191.0383,,,,
DJI,DJI.3_1,40.81240747,LMC,Africa,0.614988308,593743.2033,, 43.37 ,,
DJI,DJI.4_1,2.558579165,LMC,Africa,0.043966118,68932.00388,,,,
DOM,DOM.7_1,99.30195879,UMC,North America,5.159177941,90094.84104,," 4,696.81 ",,
DOM,DOM.9_1,602.7713276,UMC,North America,6.518394311,111526.2332,,,,
DOM,DOM.11_1,3111.784466,UMC,North America,62.89731523,541652.3387,,,,
DOM,DOM.13_1,824.0484225,UMC,North America,0.448612476,292810.1332,,,,
DOM,DOM.21_1,49.08840425,UMC,North America,2.028138826,344005.5452,,,,
DOM,DOM.23_1,9.817769579,UMC,North America,0.866112128,111199.8049,,,,
DZA,DZA.3.13_1,2.023180799,LMC,Africa,0.840199025,7386.914689,," 2,086.09 ",,
DZA,DZA.5.10_1,2.557363472,LMC,Africa,0.98302718,14190.66534,,,,
DZA,DZA.8.35_1,325.9113805,LMC,Africa,0.84181015,20811.32486,,,,
DZA,DZA.8.48_1,2.364332188,LMC,Africa,0.125125852,10824.94892,,,,
DZA,DZA.13.9_1,2.986529034,LMC,Africa,0.009083383,57186.8588,,,,
DZA,DZA.13.12_1,16.25585657,LMC,Africa,0.053946474,48124.52551,,,,
DZA,DZA.13.14_1,25.08127018,LMC,Africa,0.221656067,25805.01351,,,,
DZA,DZA.13.20_1,78.15724901,LMC,Africa,0.787413526,21110.31629,,,,
DZA,DZA.13.32_1,26.69377635,LMC,Africa,0.674430811,36298.86381,,,,
DZA,DZA.14.5_1,437.8081423,LMC,Africa,0.864881492,30312.74842,,,,
DZA,DZA.30.6_1,145.6539474,LMC,Africa,0.402725942,16905.21564,,,,
DZA,DZA.30.12_1,0.568941959,LMC,Africa,0.020537681,20079.48762,,,,
DZA,DZA.30.17_1,151.0635128,LMC,Africa,0.988405538,175965.0357,,,,
DZA,DZA.39.25_1,266.4303686,LMC,Africa,0.708538032,39547.02978,,,,
DZA,DZA.45.3_1,151.7172159,LMC,Africa,0.143492355,27963.15345,,,,
DZA,DZA.45.26_1,446.4420996,LMC,Africa,0.710457913,28606.43517,,,,
DZA,DZA.47.6_1,1.197211571,LMC,Africa,0.070330599,4072.420203,,,,
DZA,DZA.47.21_1,3.173583707,LMC,Africa,0.196186086,18565.70356,,,,
ECU,ECU.7_1,69244.51453,UMC,South America,589.0772682,698644.5597,," 470,883.08 ",,
ECU,ECU.8_1,30165.8905,UMC,South America,564.0417518,630716.0819,,,,
ECU,ECU.9_1,0.250721614,UMC,South America,2.704121541,33107.37795,,,,
ECU,ECU.10_1,369257.9614,UMC,South America,1366.839538,4434111.119,,,,
ECU,ECU.14_1,1182.24613,UMC,South America,18.95352633,1624478.427,,,,
ECU,ECU.20_1,1032.219515,UMC,South America,9.632923349,395513.8743,,,,
EGY,EGY.1_1,60780.01451,LMC,Africa,203.0708213,6705813.97,," 878,340.54 ",,
EGY,EGY.2_1,10.13936547,LMC,Africa,3.655756084,331936.5822,,,,
EGY,EGY.3_1,191927.1143,LMC,Africa,306.4024328,6486635.406,,,,
EGY,EGY.6_1,289853.4827,LMC,Africa,49.68194385,5149528.211,,,,
EGY,EGY.7_1,8271.244165,LMC,Africa,43.36254641,1284211.038,,,,
EGY,EGY.15_1,12.43928526,LMC,Africa,0.345288649,682901.2156,,,,
EGY,EGY.16_1,11039.7143,LMC,Africa,167.6863761,7180785.716,,,,
EGY,EGY.20_1,47632.26082,LMC,Africa,591.021754,722851.8711,,,,
EGY,EGY.21_1,90872.83479,LMC,Africa,182.1035008,1514265.706,,,,
EGY,EGY.22_1,1.418506255,LMC,Africa,0.375249052,161644.5344,,,,
EGY,EGY.23_1,177109.9197,LMC,Africa,713.5071613,3558652.705,,,,
EGY,EGY.24_1,620.6390348,LMC,Africa,15.0117798,491731.4153,,,,
EGY,EGY.26_1,209.3216283,LMC,Africa,12.00170155,487284.0469,,,,
GAB,GAB.1_1,90022.56706,UMC,Africa,324.2181274,1105589.443,," 90,216.06 ",,
GAB,GAB.5_1,33.84876301,UMC,Africa,19.34572019,71772.02349,,,,
GAB,GAB.8_1,159.6432408,UMC,Africa,27.59856021,179467.3412,,,,
GHA,GHA.5.1_1,18439.02126,LMC,Africa,6.021276948,3177558.052,," 117,344.46 ",,
GHA,GHA.5.2_1,500.3236849,LMC,Africa,7.067431326,230486.8216,,,,
GHA,GHA.5.3_1,28657.23672,LMC,Africa,128.5869891,202311.6319,,,,
GHA,GHA.5.5_1,8079.173438,LMC,Africa,4.073765406,582071.8656,,,,
GHA,GHA.9.7_1,50692.65932,LMC,Africa,225.3172482,127618.983,,,,
GHA,GHA.9.8_1,7898.913202,LMC,Africa,41.15146226,297542.3086,,,,
GHA,GHA.9.15_1,549.9369365,LMC,Africa,6.459164678,110252.2463,,,,
GHA,GHA.10.1_1,175.1796528,LMC,Africa,1.667061127,223798.1154,,,,
GHA,GHA.10.8_1,802.1550054,LMC,Africa,4.439158825,154593.8599,,,,
GHA,GHA.10.10_1,1549.861704,LMC,Africa,2.591683264,1070266.821,,,,
GIN,GIN.1_1,90609.28989,LIC,Africa,1174.684821,1229545.285,," 565,230.90 ",,
GIN,GIN.2_1,410682.9613,LIC,Africa,214.0175693,1953013.015,,,,
GIN,GIN.5_1,63938.64813,LIC,Africa,471.780686,2151501.305,,,,
GMB,GMB.1_1,32378.79768,LIC,Africa,22.87671265,378786.3005,," 70,879.68 ",,
GMB,GMB.2_1,6112.173329,LIC,Africa,201.6887007,92068.27552,,,,
GMB,GMB.4_1,10700.34405,LIC,Africa,141.8332859,268143.3898,,,,
GMB,GMB.6_1,21688.36638,LIC,Africa,201.5988529,1166806.173,,,,
GNB,GNB.1_1,93.89507229,LIC,Africa,6.132510496,256523.293,," 99,147.00 ",,
GNB,GNB.2_1,13568.59432,LIC,Africa,196.8390907,183552.9116,,,,
GNB,GNB.3_1,26795.19512,LIC,Africa,9.972872765,507759.8649,,,,
GNB,GNB.4_1,4328.001838,LIC,Africa,284.483351,30137.29041,,,,
GNB,GNB.5_1,15203.39014,LIC,Africa,608.3989109,218265.6026,,,,
GNB,GNB.7_1,7494.487953,LIC,Africa,186.3740607,285473.0128,,,,
GNB,GNB.8_1,6254.861415,LIC,Africa,317.1730789,72742.14551,,,,
GNB,GNB.9_1,25408.57139,LIC,Africa,710.1733799,103831.8321,,,,
GNQ,GNQ.3_1,3.521169957,UMC,Africa,0.519101929,41300.5978,," 2,687.43 ",,
GNQ,GNQ.6_1,2683.906462,UMC,Africa,18.12716551,388798.2315,,,,
GTM,GTM.6_1,331.0081686,UMC,North America,1.628921518,872519.5473,, 377.07 ,,
GTM,GTM.9_1,3.351733047,UMC,North America,0.549148801,520963.2999,,,,
GTM,GTM.15_1,39.74424414,UMC,North America,0.989637934,396529.4911,,,,
GTM,GTM.20_1,2.97009379,UMC,North America,0.033374046,672902.5588,,,,
HND,HND.1_1,848.3941587,LMC,North America,4.551438215,501311.8643,," 26,372.56 ",,
HND,HND.2_1,15446.17213,LMC,North America,271.3051312,472963.0956,,,,
HND,HND.3_1,254.8049116,LMC,North America,6.137768807,358864.4741,,,,
HND,HND.6_1,1.121167983,LMC,North America,0.127472077,1834041.679,,,,
HND,HND.9_1,4247.902967,LMC,North America,188.2482482,103250.2709,,,,
HND,HND.17_1,5574.163927,LMC,North America,141.7748184,182006.0232,,,,
HTI,HTI.3_1,920.1556995,LIC,North America,7.405871483,2349874.68,," 1,091.84 ",,
HTI,HTI.7_1,171.5580228,LIC,North America,1.942415402,1394617.423,,,,
HTI,HTI.8_1,0.123912028,LIC,North America,0.15353771,5797538.197,,,,
IDN,IDN.1_1,152570.4653,UMC,Asia,1006.313045,4742107.266,," 5,993,596.64 ",,
IDN,IDN.2_1,55400.74359,UMC,Asia,18.10892119,4778550.33,,,,
IDN,IDN.3_1,74586.11861,UMC,Asia,737.2409321,1629613.516,,,,
IDN,IDN.4_1,315488.3827,UMC,Asia,255.1140733,14694657.52,,,,
IDN,IDN.5_1,2119.971701,UMC,Asia,5.229075917,1867027.781,,,,
IDN,IDN.6_1,6859.437639,UMC,Asia,77.23413541,1283411.321,,,,
IDN,IDN.7_1,391465.3809,UMC,Asia,45.28240599,11399149.06,,,,
IDN,IDN.8_1,78408.43367,UMC,Asia,1270.794024,4018660.348,,,,
IDN,IDN.9_1,571041.3037,UMC,Asia,907.796472,53357474.4,,,,
IDN,IDN.10_1,312661.321,UMC,Asia,445.7819472,34013530.57,,,,
IDN,IDN.11_1,1066420.358,UMC,Asia,939.2133797,39961015.83,,,,
IDN,IDN.12_1,390221.258,UMC,Asia,2740.430618,5172927.085,,,,
IDN,IDN.13_1,182992.6986,UMC,Asia,851.6748629,4485550.214,,,,
IDN,IDN.14_1,33052.51547,UMC,Asia,1339.162442,2790512.882,,,,
IDN,IDN.15_1,138418.9554,UMC,Asia,2878.946915,4976144.71,,,,
IDN,IDN.16_1,123921.5822,UMC,Asia,397.2306736,2301683.998,,,,
IDN,IDN.17_1,145714.7299,UMC,Asia,1091.842727,8726631.019,,,,
IDN,IDN.19_1,21637.0755,UMC,Asia,883.0027961,1840219.551,,,,
IDN,IDN.18_1,13236.34094,UMC,Asia,137.7200625,1210003.413,,,,
IDN,IDN.20_1,1977.86806,UMC,Asia,6.922642693,5119773.886,,,,
IDN,IDN.21_1,15506.45687,UMC,Asia,69.60927926,5564102.998,,,,
IDN,IDN.23_1,45072.03008,UMC,Asia,5399.044738,6689283.451,,,,
IDN,IDN.22_1,20251.68671,UMC,Asia,353.8330959,1374366.673,,,,
IDN,IDN.24_1,545813.5146,UMC,Asia,5437.252458,8241105.743,,,,
IDN,IDN.25_1,17596.0332,UMC,Asia,142.3476436,1665242.56,,,,
IDN,IDN.26_1,157159.7522,UMC,Asia,692.2412192,9152778.837,,,,
IDN,IDN.27_1,41693.98507,UMC,Asia,503.7362779,3170197.285,,,,
IDN,IDN.28_1,75083.36456,UMC,Asia,696.8147951,2861005.558,,,,
IDN,IDN.29_1,10312.47606,UMC,Asia,61.23245874,2615451.785,,,,
IDN,IDN.30_1,11334.68121,UMC,Asia,66.49461359,5559929.933,,,,
IDN,IDN.31_1,153183.8077,UMC,Asia,4789.340202,8175447.037,,,,
IDN,IDN.32_1,821235.3129,UMC,Asia,2590.035117,14604525.64,,,,
IDN,IDN.33_1,1158.597424,UMC,Asia,3.765022238,3916801.969,,,,
IND,IND.1.2_1,705.566393,LMC,Asia,43.96105541,93958.83701,," 34,585,720.38 ",,
IND,IND.1.3_1,10.1400348,LMC,Asia,2.76954597,203570.5655,,,,
IND,IND.2.3_1,43160.22881,LMC,Asia,53.61380048,5575714.215,,,,
IND,IND.2.4_1,13251.70118,LMC,Asia,58.97671481,5497564.1,,,,
IND,IND.2.5_1,198.5074043,LMC,Asia,14.68329742,4816290.738,,,,
IND,IND.2.7_1,93612.80769,LMC,Asia,397.3130916,3299142.539,,,,
IND,IND.2.8_1,67427.94669,LMC,Asia,253.7252691,3820655.789,,,,
IND,IND.2.9_1,47214.99202,LMC,Asia,209.0956135,2988751.647,,,,
IND,IND.2.10_1,18.80268575,LMC,Asia,0.701045462,4840344.452,,,,
IND,IND.2.12_1,5.635437379,LMC,Asia,0.113185725,4149679.37,,,,
IND,IND.11.1_1,55.48548261,LMC,Asia,3.016428929,9007857.087,,,,
IND,IND.11.2_1,19952.10433,LMC,Asia,67.95251256,1715809.177,,,,
IND,IND.11.3_1,7983.022938,LMC,Asia,89.03923151,2877200.021,,,,
IND,IND.11.6_1,12421.70191,LMC,Asia,197.8579909,1796170.725,,,,
IND,IND.11.7_1,35486.07579,LMC,Asia,281.2488999,2794232.006,,,,
IND,IND.11.11_1,43039.75432,LMC,Asia,268.7951975,944868.6636,,,,
IND,IND.11.13_1,3160.848148,LMC,Asia,3.772337383,891044.3936,,,,
IND,IND.11.14_1,59783.37471,LMC,Asia,453.5834694,1551361.132,,,,
IND,IND.11.16_1,217394.8239,LMC,Asia,3307.032826,2679434.39,,,,
IND,IND.11.20_1,1484.204003,LMC,Asia,33.32912122,1131439.374,,,,
IND,IND.11.22_1,67863.29705,LMC,Asia,227.4278906,1505484.558,,,,
IND,IND.11.25_1,16251.5,LMC,Asia,61.96626744,676805.7558,,,,
IND,IND.11.28_1,562178.698,LMC,Asia,189.3058954,8195818.661,,,,
IND,IND.11.33_1,43390.4683,LMC,Asia,75.00195146,2283716.534,,,,
IND,IND.16.12_1,12180.49055,LMC,Asia,13.45388669,2339612.885,,,,
IND,IND.16.28_1,1170.719766,LMC,Asia,5.743317076,1252437.097,,,,
IND,IND.16.29_1,3916.215541,LMC,Asia,8.814167166,1632781.566,,,,
IND,IND.17.1_1,316349.0359,LMC,Asia,406.4718822,2078212.892,,,,
IND,IND.17.2_1,4335.468234,LMC,Asia,0.886377734,3249450.65,,,,
IND,IND.17.5_1,1938.886328,LMC,Asia,1.433988266,1325753.819,,,,
IND,IND.17.6_1,213.5361203,LMC,Asia,0.076100328,2544918.787,,,,
IND,IND.17.7_1,53185.12555,LMC,Asia,85.70020871,2059737.412,,,,
IND,IND.17.9_1,426.7163791,LMC,Asia,1.033152364,4571749.475,,,,
IND,IND.17.11_1,3333.516143,LMC,Asia,5.96985941,1447088.178,,,,
IND,IND.20.17_1,70587.17383,LMC,Asia,2.717517281,2786856.334,,,,
IND,IND.20.18_1,664185.1226,LMC,Asia,56.91654153,11502339.25,,,,
IND,IND.20.24_1,379192.203,LMC,Asia,250.7062201,4110166.223,,,,
IND,IND.20.27_1,257179.9771,LMC,Asia,380.114275,3135359.155,,,,
IND,IND.20.31_1,66.97024399,LMC,Asia,0.569726871,839873.6923,,,,
IND,IND.20.33_1,806012.6881,LMC,Asia,82.86095339,10270623.2,,,,
IND,IND.26.3_1,828742.9567,LMC,Asia,1477.253177,2602663.316,,,,
IND,IND.26.6_1,651982.5173,LMC,Asia,1416.158478,1686067.076,,,,
IND,IND.26.7_1,3501.507506,LMC,Asia,7.915872993,3483067.902,,,,
IND,IND.26.11_1,1678.637087,LMC,Asia,3.648828567,3958071.827,,,,
IND,IND.26.12_1,509087.061,LMC,Asia,940.7625284,1295844.168,,,,
IND,IND.26.13_1,212147.2082,LMC,Asia,258.0637287,2183508.152,,,,
IND,IND.26.17_1,1218007.964,LMC,Asia,2239.317409,1705282.412,,,,
IND,IND.26.22_1,262.2883084,LMC,Asia,0.550974939,3018938.596,,,,
IND,IND.26.26_1,59582.76536,LMC,Asia,115.1351117,1915138.036,,,,
IND,IND.27.1_1,23480.29732,LMC,Asia,20.62547774,292545.9487,,,,
IND,IND.27.3_1,3177.237772,LMC,Asia,1.689579188,973701.1531,,,,
IND,IND.31.2_1,10.16924026,LMC,Asia,0.026642944,5041094.445,,,,
IND,IND.31.4_1,94175.26029,LMC,Asia,78.78778334,3172536.149,,,,
IND,IND.31.8_1,26183.47087,LMC,Asia,55.15202506,6729579.512,,,,
IND,IND.31.13_1,155250.8738,LMC,Asia,512.599739,1802647.268,,,,
IND,IND.31.16_1,1171.901012,LMC,Asia,6.023752869,1915255.082,,,,
IND,IND.31.17_1,998.4866122,LMC,Asia,5.567944462,1466676.271,,,,
IND,IND.31.20_1,25655.68647,LMC,Asia,76.227349,2598356.946,,,,
IND,IND.31.23_1,39729.64701,LMC,Asia,69.74864634,4793957.463,,,,
IND,IND.31.24_1,45070.65104,LMC,Asia,185.8650247,1647881.313,,,,
IND,IND.31.25_1,1611.438074,LMC,Asia,6.652782537,1912233.282,,,,
IND,IND.36.3_1,306258.218,LMC,Asia,326.5135026,8974117.45,,,,
IND,IND.36.7_1,3222779.677,LMC,Asia,1263.357525,4744722.422,,,,
IND,IND.36.8_1,2071952.823,LMC,Asia,1326.849122,6048653.081,,,,
IND,IND.36.11_1,1756048.661,LMC,Asia,65.14760246,4159375.96,,,,
IND,IND.36.14_1,1447827.224,LMC,Asia,1123.752047,5751294.022,,,,
IND,IND.36.15_1,6775667.713,LMC,Asia,2424.232137,10538455.92,,,,
IND,IND.36.16_1,191441.0331,LMC,Asia,191.1914555,6991872.984,,,,
IND,IND.36.17_1,3738716.728,LMC,Asia,2779.219726,5823770.315,,,,
IND,IND.36.19_1,7243194.745,LMC,Asia,3731.059207,12195994.63,,,,
IRN,IRN.3_1,54303.61526,UMC,Asia,618.8161044,1404510.799,," 209,837.19 ",,
IRN,IRN.11_1,12103.57804,UMC,Asia,838.0185783,1786074.59,,,,
IRN,IRN.15_1,143363.6457,UMC,Asia,2498.730837,4723565.998,,,,
IRN,IRN.26_1,66.34708868,UMC,Asia,23.55229218,2466097.631,,,,
IRQ,IRQ.2_1,167536.495,UMC,Asia,653.8403278,3387073.499,," 167,536.49 ",,
JAM,JAM.1_1,6004.535521,UMC,North America,58.43459797,267382.7681,," 12,626.58 ",,
JAM,JAM.5_1,137.4659909,UMC,North America,1.52603223,81133.62973,,,,
JAM,JAM.7_1,456.1083234,UMC,North America,1.555511945,177540.5676,,,,
JAM,JAM.8_1,2232.162998,UMC,North America,11.95997378,553120.5506,,,,
JAM,JAM.9_1,3421.411669,UMC,North America,46.04720594,156774.0928,,,,
JAM,JAM.12_1,174.2758551,UMC,North America,2.498250679,97655.40208,,,,
JAM,JAM.13_1,75.99413606,UMC,North America,0.954351351,80550.04138,,,,
JAM,JAM.14_1,124.6286034,UMC,North America,1.768142821,145871.1829,,,,
JOR,JOR.3_1,3298.358613,UMC,Asia,5.090962981,150436.7287,," 3,298.36 ",,
KEN,KEN.14_1,18400.30362,LMC,Africa,85.13170014,1535779.207,," 36,259.22 ",,
KEN,KEN.19_1,9204.476533,LMC,Africa,62.76923457,883971.4202,,,,
KEN,KEN.21_1,7754.195886,LMC,Africa,252.4085549,113053.0419,,,,
KEN,KEN.40_1,900.2390778,LMC,Africa,16.8248675,419557.6985,,,,
KHM,KHM.7_1,32938.38076,LMC,Asia,79.63089429,796052.8374,," 72,052.24 ",,
KHM,KHM.9_1,18063.05473,LMC,Asia,374.2048125,168484.9042,,,,
KHM,KHM.10_1,5762.127101,LMC,Asia,21.86297363,48827.85938,,,,
KHM,KHM.13_1,15288.68125,LMC,Asia,122.3765905,260041.8558,,,,
LBN,LBN.5_1,801.5675751,UMC,Asia,0.155650187,4845062.27,, 982.70 ,,
LBN,LBN.8_1,181.131997,UMC,Asia,0.345524159,1221787.501,,,,
LBR,LBR.1_1,20.58455296,LIC,Africa,0.990881284,163502.821,," 6,374.04 ",,
LBR,LBR.4_1,388.4113526,LIC,Africa,15.65299275,164493.185,,,,
LBR,LBR.5_1,273.2330646,LIC,Africa,1.318569664,256465.3547,,,,
LBR,LBR.7_1,903.4106878,LIC,Africa,28.64886122,64273.9944,,,,
LBR,LBR.9_1,25.04027824,LIC,Africa,0.766667653,373203.7218,,,,
LBR,LBR.10_1,1184.448753,LIC,Africa,9.105362755,182794.0575,,,,
LBR,LBR.13_1,1475.605189,LIC,Africa,19.8429812,96719.24947,,,,
LBR,LBR.15_1,2103.307901,LIC,Africa,30.36627467,123606.9634,,,,
LBY,LBY.1_1,64.43852891,UMC,Africa,15.70939372,190700.594,," 42,977.41 ",,
LBY,LBY.8_1,51.3965656,UMC,Africa,0.87893867,662639.2577,,,,
LBY,LBY.9_1,836.498288,UMC,Africa,46.7698983,216952.6998,,,,
LBY,LBY.10_1,26786.17452,UMC,Africa,299.7861655,367061.226,,,,
LBY,LBY.12_1,9277.664851,UMC,Africa,132.7165614,925892.0744,,,,
LBY,LBY.13_1,369.1805159,UMC,Africa,16.41411365,174989.441,,,,
LBY,LBY.15_1,3981.090898,UMC,Africa,663.994586,465478.1016,,,,
LBY,LBY.19_1,1447.453922,UMC,Africa,275.9841621,172480.3794,,,,
LBY,LBY.20_1,163.5083454,UMC,Africa,1.437947047,1577716.745,,,,
LKA,LKA.1_1,539.8001021,LMC,Asia,2.301955495,699461.4985,," 3,277.99 ",,
LKA,LKA.6_1,266.3534619,LMC,Asia,0.61373781,1112245.246,,,,
LKA,LKA.8_1,40.19070783,LMC,Asia,0.849045678,672832.852,,,,
LKA,LKA.9_1,571.0108686,LMC,Asia,7.56417786,564412.933,,,,
LKA,LKA.10_1,1457.145695,LMC,Asia,0.536405863,1410868.225,,,,
LKA,LKA.13_1,1.014046215,LMC,Asia,0.54251705,80654.24503,,,,
LKA,LKA.15_1,99.07443073,LMC,Asia,5.218847588,83663.83719,,,,
LKA,LKA.22_1,303.4033514,LMC,Asia,3.968157392,783712.5374,,,,
MAR,MAR.1_1,57.94800877,LMC,Africa,0.751931541,2233498.383,," 29,973.73 ",,
MAR,MAR.2_1,8819.569289,LMC,Africa,18.02597593,2290440.665,,,,
MAR,MAR.4_1,37.3231049,LMC,Africa,1.417203653,2247779.629,,,,
MAR,MAR.5_1,5975.736188,LMC,Africa,4.559040289,4574343.178,,,,
MAR,MAR.6_1,154.5324788,LMC,Africa,12.54761215,417150.1352,,,,
MAR,MAR.7_1,852.0029384,LMC,Africa,134.1049496,12279.32402,,,,
MAR,MAR.8_1,6022.786989,LMC,Africa,8.711964625,3920293.872,,,,
MAR,MAR.10_1,921.778742,LMC,Africa,10.3443561,2196916.64,,,,
MAR,MAR.12_1,440.5058009,LMC,Africa,3.387084106,3811225.05,,,,
MAR,MAR.14_1,6691.550255,LMC,Africa,27.62713553,3263938.117,,,,
MDG,MDG.2_1,6640.357345,LIC,Africa,131.6108422,1941078.723,," 122,607.99 ",,
MDG,MDG.3_1,39326.2162,LIC,Africa,191.3890074,5757105.443,,,,
MDG,MDG.4_1,14675.34443,LIC,Africa,686.2436139,3721278.753,,,,
MDG,MDG.5_1,17426.52004,LIC,Africa,139.1508331,3626267.176,,,,
MDG,MDG.6_1,44539.55506,LIC,Africa,761.4835559,4592512.221,,,,
MEX,MEX.3_1,4862.552531,UMC,North America,523.2793166,3782843.599,," 103,580.22 ",,
MEX,MEX.2_1,2246.76283,UMC,North America,721.5343765,998725.3646,,,,
MEX,MEX.4_1,18124.43146,UMC,North America,1243.036287,762129.4401,,,,
MEX,MEX.5_1,1542.882748,UMC,North America,32.51400678,6091084.352,,,,
MEX,MEX.12_1,0.1521742,UMC,North America,0.151533918,4028873.918,,,,
MEX,MEX.14_1,0.294905362,UMC,North America,1.163923615,9689562.308,,,,
MEX,MEX.18_1,68.87208938,UMC,North America,14.51257027,1355339.052,,,,
MEX,MEX.20_1,40.20754572,UMC,North America,26.37471791,4518185.92,,,,
MEX,MEX.23_1,2398.544107,UMC,North America,986.2820212,1713751.645,,,,
MEX,MEX.25_1,5795.732925,UMC,North America,511.486026,3089850.551,,,,
MEX,MEX.26_1,14279.48981,UMC,North America,1526.539628,3304330.301,,,,
MEX,MEX.27_1,503.1673415,UMC,North America,27.10762084,2823590.428,,,,
MEX,MEX.28_1,110.7862466,UMC,North America,27.67460005,3904520.492,,,,
MEX,MEX.30_1,60.27466011,UMC,North America,4.56140776,8700695.638,,,,
MEX,MEX.31_1,53546.07229,UMC,North America,572.108985,2293255.134,,,,
MMR,MMR.1_1,414895.2909,LMC,Asia,2824.713005,5610742.693,," 1,503,731.05 ",,
MMR,MMR.2_1,940.7491269,LMC,Asia,11.24264808,4679321.344,,,,
MMR,MMR.6_1,14091.05324,LMC,Asia,86.2240684,1453215.253,,,,
MMR,MMR.9_1,108430.7593,LMC,Asia,567.5882619,1682186.541,,,,
MMR,MMR.11_1,458684.5658,LMC,Asia,5195.562714,1526170.271,,,,
MMR,MMR.14_1,112680.1837,LMC,Asia,977.9726489,1145573.592,,,,
MMR,MMR.15_1,394008.4478,LMC,Asia,420.7451916,8009789.19,,,,
MOZ,MOZ.1_1,5696.160137,LIC,Africa,136.7080024,2196252.823,," 391,936.43 ",,
MOZ,MOZ.2_1,56.34113277,LIC,Africa,2.019407556,1540992.826,,,,
MOZ,MOZ.3_1,7500.946447,LIC,Africa,389.8004175,1491169.83,,,,
MOZ,MOZ.6_1,14487.76517,LIC,Africa,253.7116555,941707.5902,,,,
MOZ,MOZ.5_1,164.5969863,LIC,Africa,0.390531633,2560175.389,,,,
MOZ,MOZ.7_1,64404.57092,LIC,Africa,383.7053172,5970566.264,,,,
MOZ,MOZ.9_1,85587.86582,LIC,Africa,2115.409377,2347167.191,,,,
MOZ,MOZ.11_1,214038.1879,LIC,Africa,2360.327156,5807269.822,,,,
MRT,MRT.4_1,10163.45693,LMC,Africa,775.6070732,142812.5853,," 11,696.82 ",,
MRT,MRT.9_1,4.497265893,LMC,Africa,35.39489625,26405.97922,,,,
MRT,MRT.10_1,1489.862124,LMC,Africa,11.23327186,1353215.121,,,,
MRT,MRT.13_1,39.00532085,LMC,Africa,12.60741167,272659.9428,,,,
MYS,MYS.1_1,39327.89568,UMC,Asia,371.2690309,4079178.506,," 893,884.77 ",,
MYS,MYS.2_1,11693.53197,UMC,Asia,45.71266661,2330241.552,,,,
MYS,MYS.3_1,3259.599807,UMC,Asia,9.134918886,1677000.542,,,,
MYS,MYS.6_1,6964.304494,UMC,Asia,17.6464313,1027304.816,,,,
MYS,MYS.7_1,1393.658426,UMC,Asia,13.69752167,1226981.773,,,,
MYS,MYS.8_1,6892.557165,UMC,Asia,66.49037298,1697469.839,,,,
MYS,MYS.9_1,67670.94949,UMC,Asia,629.2324558,2721055.465,,,,
MYS,MYS.10_1,5969.016213,UMC,Asia,13.04155068,259255.0264,,,,
MYS,MYS.11_1,179933.4788,UMC,Asia,73.66401489,1834200.335,,,,
MYS,MYS.13_1,105011.819,UMC,Asia,2589.660787,4230534.698,,,,
MYS,MYS.14_1,210470.3989,UMC,Asia,3308.184701,2844531.995,,,,
MYS,MYS.15_1,243457.5926,UMC,Asia,718.22672,7507040.969,,,,
MYS,MYS.16_1,11839.96494,UMC,Asia,11.67792677,1131699.942,,,,
NAM,NAM.1_1,0.054482294,UMC,Africa,2.60454091,85066.05943,, 0.34 ,,
NAM,NAM.2_1,0.025787082,UMC,Africa,0.341105198,208193.8796,,,,
NAM,NAM.6_1,0.264383947,UMC,Africa,10.71691963,106530.2388,,,,
NGA,NGA.3_1,43428.34523,LMC,Africa,87.84954205,6140524.892,," 1,081,163.74 ",,
NGA,NGA.6_1,374707.2754,LMC,Africa,2391.587931,2558481.92,,,,
NGA,NGA.9_1,159243.6294,LMC,Africa,211.88654,4358400.554,,,,
NGA,NGA.10_1,174352.2483,LMC,Africa,1082.059224,6066332.948,,,,
NGA,NGA.25_1,33631.6249,LMC,Africa,20.24573438,14142943.67,,,,
NGA,NGA.28_1,240.8481384,LMC,Africa,1.58095606,6256445.584,,,,
NGA,NGA.29_1,53031.18682,LMC,Africa,153.5750966,5303634.326,,,,
NGA,NGA.33_1,242528.5825,LMC,Africa,373.3657631,6168495.315,,,,
NIC,NIC.1_1,5388.29636,LMC,North America,403.9263291,620597.8334,," 17,818.16 ",,
NIC,NIC.2_1,597.5819425,LMC,North America,77.34540346,424683.1303,,,,
NIC,NIC.5_1,9128.654036,LMC,North America,298.8827281,423647.3539,,,,
NIC,NIC.11_1,2475.243181,LMC,North America,32.56430242,385678.0505,,,,
NIC,NIC.13_1,202.2941936,LMC,North America,5.949974338,1636053.432,,,,
NIC,NIC.17_1,22.64221477,LMC,North America,2.292692704,169508.9063,,,,
NIC,NIC.18_1,3.449915761,LMC,North America,0.783297953,171361.452,,,,
PAK,PAK.2_1,3104.183092,LMC,Asia,452.1618405,8343317.791,," 261,030.06 ",,
PAK,PAK.8_1,257925.8794,LMC,Asia,5178.454057,50599698.82,,,,
PER,PER.2_1,4.940994477,UMC,South America,0.12949328,1204856.888,," 33,279.24 ",,
PER,PER.4_1,8.872938876,UMC,South America,1.396895227,1588448.478,,,,
PER,PER.7_1,346.8966009,UMC,South America,0.338444464,1199095.365,,,,
PER,PER.11_1,5.893610873,UMC,South America,0.773784303,901749.8105,,,,
PER,PER.13_1,239.9403107,UMC,South America,3.520726329,2124448.361,,,,
PER,PER.14_1,6096.450068,UMC,South America,883.4105154,1343873.015,,,,
PER,PER.16_1,1551.725196,UMC,South America,37.42774074,1067973.905,,,,
PER,PER.15_1,244.0402001,UMC,South America,0.839649895,10788239.99,,,,
PER,PER.21_1,7271.807687,UMC,South America,505.7903936,2030921.116,,,,
PER,PER.25_1,17508.66777,UMC,South America,88.40614314,253071.9472,,,,
PHL,PHL.2_1,25677.95427,LMC,Asia,34.3520348,755250.2435,," 3,197,786.78 ",,
PHL,PHL.4_1,24781.10834,LMC,Asia,61.1900734,552411.3717,,,,
PHL,PHL.5_1,5868.432331,LMC,Asia,7.737678013,1319526.802,,,,
PHL,PHL.6_1,8518.20918,LMC,Asia,20.75394593,570284.3467,,,,
PHL,PHL.8_1,55.37963936,LMC,Asia,0.161013025,241770.969,,,,
PHL,PHL.9_1,10010.10465,LMC,Asia,38.77898326,192375.6465,,,,
PHL,PHL.10_1,32477.84976,LMC,Asia,18.47403533,734589.5843,,,,
PHL,PHL.12_1,514.8834521,LMC,Asia,1.4251665,2843771.273,,,,
PHL,PHL.14_1,5630.538639,LMC,Asia,5.115715721,165865.3234,,,,
PHL,PHL.15_1,53448.48308,LMC,Asia,126.9857292,1167592.942,,,,
PHL,PHL.17_1,442239.7957,LMC,Asia,290.6702505,4032183.373,,,,
PHL,PHL.18_1,43584.89295,LMC,Asia,193.9524975,1296142.842,,,,
PHL,PHL.19_1,69294.03523,LMC,Asia,132.5741449,603372.2521,,,,
PHL,PHL.20_1,299238.1245,LMC,Asia,396.1880845,2250942.066,,,,
PHL,PHL.22_1,109617.93,LMC,Asia,207.740484,779881.8172,,,,
PHL,PHL.23_1,18500.18351,LMC,Asia,30.74568341,253827.3608,,,,
PHL,PHL.24_1,7507.469061,LMC,Asia,2.392528888,4248894.646,,,,
PHL,PHL.25_1,290799.629,LMC,Asia,63.85351559,4825831.029,,,,
PHL,PHL.27_1,1223.408606,LMC,Asia,2.4586069,1380680.681,,,,
PHL,PHL.28_1,2718.968682,LMC,Asia,6.431035511,2678694.327,,,,
PHL,PHL.29_1,50.86677364,LMC,Asia,1.494797056,583436.1002,,,,
PHL,PHL.30_1,83.31287201,LMC,Asia,1.572826353,105962.5062,,,,
PHL,PHL.31_1,27250.15045,LMC,Asia,86.12745463,459729.3123,,,,
PHL,PHL.32_1,2881.642673,LMC,Asia,7.478393874,187206.2883,,,,
PHL,PHL.34_1,1709.397256,LMC,Asia,2.343420597,628138.1006,,,,
PHL,PHL.35_1,771.4103153,LMC,Asia,7.767605124,729385.1403,,,,
PHL,PHL.36_1,100312.769,LMC,Asia,171.8162952,2441314.447,,,,
PHL,PHL.37_1,246.6697413,LMC,Asia,3.946211225,1848940.117,,,,
PHL,PHL.39_1,410.011491,LMC,Asia,2.440439076,796776.7343,,,,
PHL,PHL.41_1,8756.073229,LMC,Asia,9.89691789,1264452.082,,,,
PHL,PHL.42_1,2434.287885,LMC,Asia,7.125980763,691442.1177,,,,
PHL,PHL.43_1,219945.2479,LMC,Asia,200.3530445,1846047.252,,,,
PHL,PHL.44_1,49862.74027,LMC,Asia,62.28475024,991911.2012,,,,
PHL,PHL.45_1,4704.780219,LMC,Asia,14.87258505,204849.2948,,,,
PHL,PHL.46_1,8498.069333,LMC,Asia,27.28782906,876030.6251,,,,
PHL,PHL.47_1,111942.0489,LMC,Asia,13.3323141,13190773,,,,
PHL,PHL.48_1,16841.49261,LMC,Asia,20.05377666,635363.3276,,,,
PHL,PHL.49_1,63449.69137,LMC,Asia,27.08557688,1755522.002,,,,
PHL,PHL.51_1,126719.2355,LMC,Asia,162.7219467,2885041.772,,,,
PHL,PHL.52_1,6613.200643,LMC,Asia,14.57116918,1375047.201,,,,
PHL,PHL.54_1,43522.21401,LMC,Asia,112.5663056,638709.1377,,,,
PHL,PHL.57_1,4196.207991,LMC,Asia,14.62696075,520525.7514,,,,
PHL,PHL.58_1,11612.9799,LMC,Asia,30.71575727,929800.3434,,,,
PHL,PHL.59_1,39846.90028,LMC,Asia,203.3759055,1111480.179,,,,
PHL,PHL.60_1,466795.6119,LMC,Asia,431.0623771,2836814.483,,,,
PHL,PHL.61_1,15627.14178,LMC,Asia,8.29794704,3205640.51,,,,
PHL,PHL.62_1,94316.35532,LMC,Asia,287.5548481,2229863.713,,,,
PHL,PHL.65_1,429.3639939,LMC,Asia,1.61211947,236796.2548,,,,
PHL,PHL.66_1,63491.61747,LMC,Asia,217.7690177,751172.7096,,,,
PHL,PHL.67_1,1334.089267,LMC,Asia,3.192980051,582290.1819,,,,
PHL,PHL.69_1,39072.79884,LMC,Asia,65.47275092,745869.0789,,,,
PHL,PHL.70_1,1412.810811,LMC,Asia,1.152403754,1675467.66,,,,
PHL,PHL.71_1,8314.469243,LMC,Asia,10.13639991,364128.6614,,,,
PHL,PHL.72_1,17383.02259,LMC,Asia,44.4445253,1066972.888,,,,
PHL,PHL.73_1,7439.971214,LMC,Asia,88.19747847,332118.3697,,,,
PHL,PHL.74_1,16525.04352,LMC,Asia,53.00559381,475282.2709,,,,
PHL,PHL.75_1,5019.547786,LMC,Asia,28.32244622,556351.3358,,,,
PHL,PHL.77_1,7003.980882,LMC,Asia,114.8092146,64425.04167,,,,
PHL,PHL.78_1,529.3068029,LMC,Asia,2.773660859,870974.9257,,,,
PHL,PHL.79_1,15645.66122,LMC,Asia,25.26339398,1103761.899,,,,
PHL,PHL.80_1,92819.81032,LMC,Asia,108.3012697,1939069.542,,,,
PHL,PHL.81_1,40257.39491,LMC,Asia,174.561125,690889.6841,,,,
PNG,PNG.1_1,2618.694298,LMC,Oceania,107.1209093,287824.7463,," 28,073.60 ",,
PNG,PNG.2_1,2896.515205,LMC,Oceania,182.2567688,333813.9378,,,,
PNG,PNG.4_1,949.546485,LMC,Oceania,22.46220337,312794.6317,,,,
PNG,PNG.5_1,3906.466282,LMC,Oceania,185.4864323,527531.1545,,,,
PNG,PNG.8_1,6927.134931,LMC,Oceania,2207.53423,136940.8093,,,,
PNG,PNG.11_1,3.494758169,LMC,Oceania,1.926068043,615502.647,,,,
PNG,PNG.12_1,702.7533713,LMC,Oceania,37.67919584,50824.06827,,,,
PNG,PNG.13_1,4539.297297,LMC,Oceania,158.2906741,306688.882,,,,
PNG,PNG.14_1,314.928746,LMC,Oceania,30.38377159,754038.7334,,,,
PNG,PNG.16_1,461.2075339,LMC,Oceania,32.28455972,192559.5163,,,,
PNG,PNG.17_1,285.4235765,LMC,Oceania,27.69986412,222403.99,,,,
PNG,PNG.18_1,252.7754343,LMC,Oceania,14.87239098,270787.9244,,,,
PNG,PNG.20_1,541.2301027,LMC,Oceania,45.80701607,299928.3375,,,,
PNG,PNG.22_1,3674.128983,LMC,Oceania,2381.822262,209386.5264,,,,
RUS,RUS.4_1,42.06442792,UMC,Asia,707.9521748,2511.430882,," 3,458.23 ",,
RUS,RUS.12_1,45.76918134,UMC,Asia,2281.803076,17877.91152,,,,
RUS,RUS.26_1,5.263997661,UMC,Asia,18.7149215,4667.82575,,,,
RUS,RUS.35_1,142.6535318,UMC,Asia,5635.155612,209116.3372,,,,
RUS,RUS.45_1,505.2318099,UMC,Asia,391.3365371,674545.3521,,,,
RUS,RUS.46_1,1259.431145,UMC,Asia,9642.298697,36999.21769,,,,
RUS,RUS.60_1,158.6963795,UMC,Asia,25805.9328,90644.95382,,,,
RUS,RUS.80_1,1299.115388,UMC,Asia,10071.95856,169169.9559,,,,
SDN,SDN.11_1,2845.329814,LIC,Africa,202.4084044,2447432.78,," 2,845.33 ",,
SEN,SEN.3_1,142069.9344,LMC,Africa,1478.858363,927699.309,," 374,372.97 ",,
SEN,SEN.5_1,73639.89437,LMC,Africa,249.6505217,1193257.448,,,,
SEN,SEN.8_1,50.22723049,LMC,Africa,0.679025894,1079850.486,,,,
SEN,SEN.10_1,33816.53384,LMC,Africa,44.22249826,1100284.737,,,,
SEN,SEN.11_1,15749.3964,LMC,Africa,244.7466324,562641.0888,,,,
SEN,SEN.13_1,5711.299492,LMC,Africa,16.40119927,2186007.371,,,,
SEN,SEN.14_1,103335.6876,LMC,Africa,1896.550865,672665.0638,,,,
SLE,SLE.2_1,34985.88224,LIC,Africa,329.7048931,2287711.541,," 66,879.26 ",,
SLE,SLE.3_1,13807.50619,LIC,Africa,339.628536,1582673.117,,,,
SLE,SLE.4_1,18085.86762,LIC,Africa,13.36571458,1353017.577,,,,
SLV,SLV.6_1,3867.859072,LMC,North America,29.76550609,383393.4941,," 12,482.64 ",,
SLV,SLV.7_1,556.3502999,LMC,North America,11.33756308,229748.5414,,,,
SLV,SLV.11_1,295.6521559,LMC,North America,6.623242121,196158.455,,,,
SLV,SLV.13_1,509.5918095,LMC,North America,3.311754659,539534.3373,,,,
SLV,SLV.14_1,7253.191158,LMC,North America,89.46423851,388797.8974,,,,
SOM,SOM.1_1,1.557922599,LIC,Africa,0.52771701,453586.8384,," 8,254.20 ",,
SOM,SOM.3_1,2871.588074,LIC,Africa,0.478493068,1314394.877,,,,
SOM,SOM.4_1,1370.483476,LIC,Africa,144.7079399,568870.6545,,,,
SOM,SOM.6_1,720.7222057,LIC,Africa,28.29205878,511657.2353,,,,
SOM,SOM.9_1,17.47878162,LIC,Africa,1.668870167,357482.4648,,,,
SOM,SOM.10_1,1715.901393,LIC,Africa,46.88833921,565795.6962,,,,
SOM,SOM.11_1,904.6336855,LIC,Africa,79.95395411,521439.8942,,,,
SOM,SOM.12_1,1.528545802,LIC,Africa,0.688419642,186768.3731,,,,
SOM,SOM.13_1,63.21981094,LIC,Africa,7.591511881,400285.5481,,,,
SOM,SOM.15_1,251.3604063,LIC,Africa,4.592267133,1351209.335,,,,
SOM,SOM.18_1,335.7303854,LIC,Africa,29.52234729,1042786.031,,,,
TGO,TGO.3_1,531.4108405,LIC,Africa,2.2834442,3939944.771,, 531.41 ,,
THA,THA.3_1,272454.0456,UMC,Asia,123.053266,11285641.71,," 2,352,447.35 ",,
THA,THA.6_1,178294.9782,UMC,Asia,593.9205489,872588.149,,,,
THA,THA.9_1,45363.59649,UMC,Asia,417.0543932,510563.2582,,,,
THA,THA.12_1,14936.77961,UMC,Asia,28.23239851,2303380.029,,,,
THA,THA.13_1,6405.895564,UMC,Asia,50.56781429,488071.0803,,,,
THA,THA.18_1,4192.995576,UMC,Asia,85.97554528,374862.5211,,,,
THA,THA.27_1,8641.870017,UMC,Asia,14.11703152,1181634.096,,,,
THA,THA.31_1,16300.53988,UMC,Asia,151.620565,1443619.158,,,,
THA,THA.33_1,49.47254233,UMC,Asia,0.548377153,679959.8873,,,,
THA,THA.38_1,4192.142729,UMC,Asia,4.505692052,619014.7982,,,,
THA,THA.39_1,9037.234725,UMC,Asia,169.2780837,272985.0295,,,,
THA,THA.40_1,10520.75523,UMC,Asia,122.6450199,472242.0446,,,,
THA,THA.43_1,72119.50961,UMC,Asia,361.5277539,514804.9055,,,,
THA,THA.48_1,8541.36545,UMC,Asia,10.98851476,1056799.803,,,,
THA,THA.49_1,5329.815849,UMC,Asia,27.01502851,752545.7468,,,,
THA,THA.50_1,5579.278682,UMC,Asia,37.65695212,478373.377,,,,
THA,THA.51_1,18417.92957,UMC,Asia,159.4392259,369153.344,,,,
THA,THA.52_1,297.0092868,UMC,Asia,1.503721794,840810.7183,,,,
THA,THA.53_1,32282.14597,UMC,Asia,81.72603849,1281888.001,,,,
THA,THA.57_1,904380.3586,UMC,Asia,377.0364545,3365210.362,,,,
THA,THA.58_1,590211.6205,UMC,Asia,486.3238981,1761673.026,,,,
THA,THA.59_1,31199.99166,UMC,Asia,155.1997596,174055.0855,,,,
THA,THA.61_1,30294.40604,UMC,Asia,309.4252656,296224.326,,,,
THA,THA.64_1,12082.1013,UMC,Asia,100.9397487,1717939.718,,,,
THA,THA.67_1,33335.85778,UMC,Asia,124.3387515,1169571.221,,,,
THA,THA.70_1,12730.05296,UMC,Asia,187.5776005,590890.8114,,,,
THA,THA.71_1,25255.60491,UMC,Asia,213.9739233,271701.2729,,,,
TLS,TLS.2_1,34.54645138,LMC,Asia,1.777791801,73382.79162,," 2,172.63 ",,
TLS,TLS.6_1,785.2184879,LMC,Asia,13.31449943,76263.88906,,,,
TLS,TLS.7_1,64.83641265,LMC,Asia,0.806517642,381846.0095,,,,
TLS,TLS.11_1,37.69444787,LMC,Asia,3.807127793,59635.35869,,,,
TLS,TLS.12_1,59.48805965,LMC,Asia,1.34376074,58630.70448,,,,
TLS,TLS.13_1,1190.844125,LMC,Asia,16.99951804,89177.60234,,,,
TUN,TUN.1_1,24875.73686,LMC,Africa,64.71215764,781541.6714,," 129,702.48 ",,
TUN,TUN.3_1,13110.18534,LMC,Africa,7.08647299,787575.3741,,,,
TUN,TUN.4_1,841.0957945,LMC,Africa,5.27700046,587976.7432,,,,
TUN,TUN.5_1,3905.13943,LMC,Africa,47.77484519,394129.6492,,,,
TUN,TUN.12_1,7792.429186,LMC,Africa,29.23388529,445815.7334,,,,
TUN,TUN.14_1,19086.07298,LMC,Africa,263.9662311,496303.5392,,,,
TUN,TUN.15_1,4299.221591,LMC,Africa,9.626911397,612407.2589,,,,
TUN,TUN.16_1,7231.727054,LMC,Africa,33.79297314,854140.3083,,,,
TUN,TUN.17_1,20642.31405,LMC,Africa,272.7315889,1020169.471,,,,
TUN,TUN.20_1,1587.044755,LMC,Africa,38.14138755,772565.8128,,,,
TUN,TUN.23_1,26331.50893,LMC,Africa,16.78499124,1426716.152,,,,
TUR,TUR.1_1,3920.636153,UMC,Europe,88.27492741,1937638.642,," 33,030.16 ",,
TUR,TUR.8_1,3037.05927,UMC,Europe,13.26061781,2070302.435,,,,
TUR,TUR.11_1,66.3908018,UMC,Europe,1.717537221,1057376.156,,,,
TUR,TUR.12_1,34.68989351,UMC,Europe,0.907550896,1224584.914,,,,
TUR,TUR.21_1,528.8694546,UMC,Europe,35.96919547,3278957.872,,,,
TUR,TUR.22_1,164.3224154,UMC,Europe,9.986856756,489536.1281,,,,
TUR,TUR.28_1,78.538633,UMC,Europe,8.067184437,381328.0616,,,,
TUR,TUR.40_1,438.333919,UMC,Europe,1.062514986,15481838.11,,,,
TUR,TUR.41_1,23156.25948,UMC,Europe,150.8156494,4196246.48,,,,
TUR,TUR.52_1,87.68288443,UMC,Europe,1.315874475,1907997.753,,,,
TUR,TUR.58_1,357.382054,UMC,Europe,54.93947145,1535042.622,,,,
TUR,TUR.59_1,845.7067813,UMC,Europe,15.97625069,927820.7947,,,,
TUR,TUR.73_1,313.5058471,UMC,Europe,1.093726836,1074769.256,,,,
TUR,TUR.79_1,0.783659321,UMC,Europe,0.60809944,236770.9899,,,,
TZA,TZA.2_1,5758.03026,LMC,Africa,8.523855518,6848342.292,," 38,610.72 ",,
TZA,TZA.10_1,23.16690477,LMC,Africa,3.004470612,931922.8255,,,,
TZA,TZA.15_1,1384.952317,LMC,Africa,21.53332318,1400062.588,,,,
TZA,TZA.20_1,11834.16207,LMC,Africa,269.2234103,1374599.062,,,,
TZA,TZA.27_1,8521.653773,LMC,Africa,103.0561509,2471715.15,,,,
TZA,TZA.28_1,1786.889743,LMC,Africa,6.450286993,217346.3315,,,,
TZA,TZA.29_1,1929.627052,LMC,Africa,28.04466256,133860.8055,,,,
TZA,TZA.30_1,7372.233201,LMC,Africa,11.27021468,829928.7743,,,,
VEN,VEN.2_1,840.6481693,UMC,South America,7.811527952,1773393.357,," 112,164.94 ",,
VEN,VEN.7_1,539.0836254,UMC,South America,1.327343183,2796204.138,,,,
VEN,VEN.9_1,14066.72944,UMC,South America,1475.730371,434854.9868,,,,
VEN,VEN.12_1,1288.64732,UMC,South America,124.7142274,1036220.95,,,,
VEN,VEN.15_1,396.9418476,UMC,South America,4.281407787,975524.9485,,,,
VEN,VEN.16_1,296.3266017,UMC,South America,2.969721673,3223909.552,,,,
VEN,VEN.17_1,5.853814038,UMC,South America,1.473155638,1146398.301,,,,
VEN,VEN.20_1,2808.709287,UMC,South America,14.0750608,988028.1749,,,,
VEN,VEN.22_1,941.1283636,UMC,South America,38.37545858,780170.8596,,,,
VEN,VEN.23_1,172.9251658,UMC,South America,0.608257364,475924.4707,,,,
VEN,VEN.25_1,90807.94608,UMC,South America,726.3512897,4460088.807,,,,
VNM,VNM.1_1,79982.9551,LMC,Asia,107.0842023,2333009.539,," 14,911,170.87 ",,
VNM,VNM.2_1,511095.8893,LMC,Asia,1603.986145,1041633.321,,,,
VNM,VNM.3_1,90347.8418,LMC,Asia,174.7499413,1696377.275,,,,
VNM,VNM.5_1,161155.3442,LMC,Asia,248.1467959,1237030.539,,,,
VNM,VNM.6_1,490037.6349,LMC,Asia,1469.616988,1231871.052,,,,
VNM,VNM.7_1,157447.7656,LMC,Asia,244.4041825,1271593.847,,,,
VNM,VNM.8_1,283.0371586,LMC,Asia,4.091968518,1512863.235,,,,
VNM,VNM.9_1,85809.16961,LMC,Asia,35.49428174,3572322.85,,,,
VNM,VNM.11_1,7725.21141,LMC,Asia,6.956126701,1301946.621,,,,
VNM,VNM.12_1,62890.75973,LMC,Asia,57.18547335,1558613.719,,,,
VNM,VNM.13_1,946605.0227,LMC,Asia,4010.999497,1321892.431,,,,
VNM,VNM.17_1,120062.1169,LMC,Asia,332.5013704,3308454.3,,,,
VNM,VNM.18_1,74445.0743,LMC,Asia,120.5966124,1911504.775,,,,
VNM,VNM.19_1,21471.6933,LMC,Asia,7.46095734,1192566.037,,,,
VNM,VNM.22_1,1181411.825,LMC,Asia,1318.562974,1869493.433,,,,
VNM,VNM.23_1,1407483.093,LMC,Asia,1225.277296,2084724.819,,,,
VNM,VNM.24_1,14107.7599,LMC,Asia,53.48771858,746887.2689,,,,
VNM,VNM.25_1,1263009.514,LMC,Asia,1086.920542,10826688.01,,,,
VNM,VNM.27_1,632.9893127,LMC,Asia,1.192094115,8638357.239,,,,
VNM,VNM.28_1,304054.0676,LMC,Asia,369.8524565,833101.7639,,,,
VNM,VNM.29_1,424203.5095,LMC,Asia,825.6095907,1201348.797,,,,
VNM,VNM.31_1,159719.2146,LMC,Asia,173.8502572,1314171.554,,,,
VNM,VNM.32_1,37973.57765,LMC,Asia,81.97923167,1272461.005,,,,
VNM,VNM.33_1,202958.9027,LMC,Asia,1037.231707,1805398.158,,,,
VNM,VNM.39_1,486219.4332,LMC,Asia,940.3397223,1712097.441,,,,
VNM,VNM.40_1,1474365.914,LMC,Asia,1656.073243,1821150.679,,,,
VNM,VNM.41_1,351427.3546,LMC,Asia,433.5042502,2990645.665,,,,
VNM,VNM.42_1,554805.0001,LMC,Asia,712.1020899,958573.5005,,,,
VNM,VNM.43_1,9981.39314,LMC,Asia,11.86731156,632250.6466,,,,
VNM,VNM.45_1,17866.84811,LMC,Asia,35.78403092,948295.3223,,,,
VNM,VNM.46_1,126578.8709,LMC,Asia,353.6113391,904314.2519,,,,
VNM,VNM.47_1,24522.33068,LMC,Asia,62.72171235,1486204.085,,,,
VNM,VNM.48_1,15988.28591,LMC,Asia,23.27346498,1227970.103,,,,
VNM,VNM.49_1,254142.1348,LMC,Asia,755.4061134,1254307.414,,,,
VNM,VNM.50_1,30016.78733,LMC,Asia,139.0027573,632160.3832,,,,
VNM,VNM.51_1,334210.9955,LMC,Asia,983.2159777,1463273.102,,,,
VNM,VNM.53_1,15506.58535,LMC,Asia,66.33930184,1216362.169,,,,
VNM,VNM.54_1,174041.5807,LMC,Asia,418.3076086,1129614.95,,,,
VNM,VNM.55_1,1587321.957,LMC,Asia,1792.046571,1862725.447,,,,
VNM,VNM.57_1,635699.7982,LMC,Asia,842.0135435,3346535.172,,,,
VNM,VNM.58_1,300032.6043,LMC,Asia,686.2104413,1797617.669,,,,
VNM,VNM.59_1,285308.1633,LMC,Asia,967.0101404,1061750.88,,,,
VNM,VNM.61_1,428220.8679,LMC,Asia,709.6269188,1090714.667,,,,
YEM,YEM.1.1_1,14903.57012,LIC,Asia,45.14318714,109972.454,," 108,316.55 ",,
YEM,YEM.1.2_1,12531.65066,LIC,Asia,3.608869794,221798.9174,,,,
YEM,YEM.1.4_1,20583.27081,LIC,Asia,4.416431017,211178.7621,,,,
YEM,YEM.1.8_1,43733.53372,LIC,Asia,37.37378518,119417.9765,,,,
YEM,YEM.2.5_1,2457.43512,LIC,Asia,23.42755542,185397.7877,,,,
YEM,YEM.2.11_1,137.9908061,LIC,Asia,0.757587608,45251.95107,,,,
YEM,YEM.5.2_1,30.92655013,LIC,Asia,0.671919742,112750.8518,,,,
YEM,YEM.5.11_1,4783.607308,LIC,Asia,3.502680253,147984.5934,,,,
YEM,YEM.5.12_1,208.7664147,LIC,Asia,3.256041386,65577.24517,,,,
YEM,YEM.5.14_1,154.4200728,LIC,Asia,2.418814655,171281.2657,,,,
YEM,YEM.5.15_1,3.448446465,LIC,Asia,0.629438682,9234.93332,,,,
YEM,YEM.5.17_1,1.359417207,LIC,Asia,0.62259434,110370.0184,,,,
YEM,YEM.5.25_1,19.19059928,LIC,Asia,0.854837585,2871.250627,,,,
YEM,YEM.7.1_1,97.68497933,LIC,Asia,2.684926777,43145.26413,,,,
YEM,YEM.7.2_1,357.0282061,LIC,Asia,21.91437072,17297.22722,,,,
YEM,YEM.7.5_1,43.71113949,LIC,Asia,2.176863551,17833.59772,,,,
YEM,YEM.7.7_1,757.5068318,LIC,Asia,5.349980523,18061.98244,,,,
YEM,YEM.7.8_1,87.6207772,LIC,Asia,7.364468084,18499.0828,,,,
YEM,YEM.12.12_1,539.0407639,LIC,Asia,24.40989824,30037.10908,,,,
YEM,YEM.12.18_1,1.627129438,LIC,Asia,0.505325639,52638.87089,,,,
YEM,YEM.12.20_1,1.381785414,LIC,Asia,0.085135515,15275.8634,,,,
YEM,YEM.13.1_1,79.20304981,LIC,Asia,1.548696074,218745.5065,,,,
YEM,YEM.13.24_1,53.81712118,LIC,Asia,1.747495642,26733.90947,,,,
YEM,YEM.15.3_1,1754.392732,LIC,Asia,31.79428176,73723.31359,,,,
YEM,YEM.15.12_1,51.76261771,LIC,Asia,0.469422481,178079.9605,,,,
YEM,YEM.20.16_1,66.2199961,LIC,Asia,5.384143975,36004.45975,,,,
YEM,YEM.21.1_1,1437.396263,LIC,Asia,21.95969451,45053.73328,,,,
YEM,YEM.21.11_1,3438.986616,LIC,Asia,43.87840872,56228.04492,,,,
ZAF,ZAF.1_1,12.17028017,UMC,Africa,0.958378379,6881483.964,, 637.95 ,,
ZAF,ZAF.4_1,64.2307702,UMC,Africa,6.179344299,11005255.56,,,,
ZAF,ZAF.8_1,0.188012008,UMC,Africa,8.374112914,1381195.068,,,,
ZAF,ZAF.9_1,561.3594744,UMC,Africa,10.57942379,7328802.907,,,,
,,,,,,,,,,
,,,,,,,world total," 181,465,955.10 ",,
